id,name,bic,street,city,zip,country:id
ABALIDBSXXX,PT. BANK PEMBANGUNAN DAERAH BALI,ABALIDBSXXX,BANK BPD BALI,DENPASAR,80235,base.id
ABNAIDJASBA,THE ROYAL BANK OF SCOTLAND N.V. JAKARTA BRANCH (SURABAYA BRANCH),ABNAIDJASBA,,SURABAYA,,base.id
ABNAIDJAXXX,THE ROYAL BANK OF SCOTLAND N.V. JAKARTA BRANCH,ABNAIDJAXXX,INDONESIA STOCK EXCHANGE BLDG TOWERFLOOR 11 JL. JENDRAL SUDIRMAN KAV 52-53,JAKARTA,12910,base.id
ABPEIDJ1XXX,ABADI PRISMA EKAMANDIRI PT,ABPEIDJ1XXX,LIPPO LIFE BUILDING FLOOR 6 B-10 JALAN HR RASUNA SAID KAV.,JAKARTA,12910,base.id
ABSDIDJ1XXX,ABADI SEKURITAS ADIMASA PT,ABSDIDJ1XXX,70 JALAN TANAH ABANG II PUSAT,JAKARTA,,base.id
ADISIDJ1XXX,ADITHYA SECURINVEST PT,ADISIDJ1XXX,LIPPO LIFE BUILDING SUITE 610 B-10 JALAN HR RASUNA SAID,JAKARTA,12910,base.id
ADSIIDJ1XXX,PT ANTABOGA DELTA SEKURITAS INDONESIA,ADSIIDJ1XXX,GRAND WIJAYA CENTRE ROOM 36H JL. WOLTER MONGISIDI NO. 88 L,JAKARTA,12150,base.id
AEHLIDJ1XXX,PARIBAS ASIA EQUITY P.T.,AEHLIDJ1XXX,WISMA GKBI FLOOR 10 ROOM 1001 JL. JENDERAL SUDIRMAN KAV. 28,JAKARTA,10120,base.id
AGASIDJ1XXX,BANK AGUNG ASIA,AGASIDJ1XXX,WISMA DHARMALA SAKTI JALAN JENDERAL SUDIRMAN KAV. 32 SELATAN,JAKARTA,,base.id
AGCCIDJ1XXX,AGUNG CAHAYA CENDANA PT,AGCCIDJ1XXX,2 JALAN P. JAYAKARTA,JAKARTA,11110,base.id
AGRPIDJ1XXX,AGRIDHANASATYA PERMATA PT,AGRPIDJ1XXX,50GG JALAN KALIBESAR BARAT,JAKARTA,11230,base.id
AGSIIDJ1XXX,AGUNG SECURITIES INDONESIA PT,AGSIIDJ1XXX,BANK NIAGA BUILDING FLOOR 7 SOUTH ENTRANCE 55 JALAN MH THAMRIN,JAKARTA,10350,base.id
AGTBIDJAXXX,PT. BANK AGRONIAGA TBK,AGTBIDJAXXX,"PLAZA GRI BLOK X-2 JL. HR. RASUNA SAID, NO.1",JAKARTA,12950,base.id
AKSKIDJ10JD,AKSARA KENCANA PT,AKSKIDJ10JD,JALAN DHARMANUSADA 173,SURABAYA,,base.id
AKSKIDJ1XXX,AKSARA KENCANA PT,AKSKIDJ1XXX,20 JALAN RAYA PRAPATAN PUSAT,JAKARTA,,base.id
ALABIDJ1XXX,ARBUTHNOT LATHAM BANK LTD.,ALABIDJ1XXX,JALAN JENDERAL SUDIRMAN KAV 30-31,JAKARTA,,base.id
ALDCIDJ1XXX,ALDIRACITA CORPOTAMA PT,ALDCIDJ1XXX,12B JALAN GUNUNG SAHARI ANCOL,JAKARTA,14420,base.id
AMCEIDJ1XXX,AMCOL SEKURINDO PT,AMCEIDJ1XXX,MULIA CENTRE ROOM 501 8 JALAN H.R. RASUNA SAID KAV.,JAKARTA,12940,base.id
AMSNIDJ1XXX,AMSINDO NUSANTARA PT,AMSNIDJ1XXX,177 JALAN GATOT SUBROTO FLOOR 4,JAKARTA,12870,base.id
ANDMIDJ1XXX,ANTAR DHANA MASA PT,ANDMIDJ1XXX,37 JL. RAYA PASAR MINGGU KOMP. GARUDA SELATAN,JAKARTA,,base.id
ANEKIDJ1XXX,ANEKA KELOLADANA PT,ANEKIDJ1XXX,MID PLAZA BUILDING FLOOR 6 10-11 JALAN JENDERAL SUDIRMAN KAV. JAKARTA PUSAT,JAKARTA,10220,base.id
ANESIDJ1XXX,ANEKAREKSA SECURITIES CORP PT,ANESIDJ1XXX,EXCHANGE HOUSE FLOOR 5 03 JALAN HR RASUNA SAID BLOCK 1,JAKARTA,12950,base.id
ANSIIDJ1XXX,ANUGERAH SECURINDO INDAH PT,ANSIIDJ1XXX,WISMA ANTARA BUILDING ROOM 7704B 17 JALAN MERDEKA SELATAN,JAKARTA,10110,base.id
ANTDIDJDXXX,BANK ANTARDAERAH,ANTDIDJDXXX,JI. BONGKARAN NO 28-30,SURABAYA,60161,base.id
ANZBIDJXXXX,"BANK ANZ INDONESIA, P.T.",ANZBIDJXXXX,ANZ TOWER FLOOR 4 JALAN JENDERAL SUDIRMAN KAV 33A,JAKARTA,10220,base.id
APERIDJ1XXX,APERDI PT,APERIDJ1XXX,,JAKARTA,,base.id
ARAEIDJ1XXX,ARGA ARTHA SECURITAS PT,ARAEIDJ1XXX,BUKIT DURI PLAZA B FLOOR 9 54E JALAN JATINEGARA BARAT TIMUR,JAKARTA,,base.id
ARDPIDJ1XXX,ARTHA DWIPA PERSADA PT,ARDPIDJ1XXX,JL JEND SUDIRMAN KAV 52-53 A-11,JAKARTA,10244,base.id
ARGSIDJ1XXX,ARTA GITASEJAHTERA SEKURITAS PT,ARGSIDJ1XXX,WISMA DHARMALA SAKTI FLOOR 6 32 JALAN JENDERAL SUDIRMAN,JAKARTA,10220,base.id
ARNKIDJ1XXX,BANK ARTA NIAGA KENCANA,ARNKIDJ1XXX,33 JALAN COKLAT,SURABAYA,,base.id
ARPSIDJ1XXX,ARYA PRADA SEKURITAS PT,ARPSIDJ1XXX,33 JALAN GONDANGDIA LAMA,JAKARTA,10350,base.id
ARSFIDJ1XXX,ARYA SHINTA FINANCE,ARSFIDJ1XXX,"WIJAYA GRAND CENTRE BLOK E/1 METROPOLITAN KUNINGAN SUPERBLOK KAV MENARA IMPERIUM,LT. 33 JL. H.R. RA",JAKARTA,,base.id
ARSRIDJ1XXX,ARTHA SECURITIES PRIMA PT,ARSRIDJ1XXX,HAYAM WURUK PLAZA FLOOR 16 108 JALAN HAYAM WURUK,JAKARTA,,base.id
ARTDIDJ1XXX,ARTHA ADYANUGRAHA PT,ARTDIDJ1XXX,7 JALAN VETERAN III KAV. A-11,JAKARTA,14430,base.id
ARTGIDJAXXX,BANK ARTHA GRAHA INTERNASIONAL TBK PT,ARTGIDJAXXX,"ARTHA GRAHA BUILDING JL. JEND. SUDIRMAN KAV 52-53, SUDIRMAN CENTRAL BUSINESS DISTR.",JAKARTA,12190,base.id
ASDBIDJ1XXX,ASIAN DEVELOPMENT BANK,ASDBIDJ1XXX,GEDUNG DANARESKA 7TH FLOOR GEDUNG BRI II JL. JEND. SUDIRMAN KAV. 44-46,JAKARTA,,base.id
ASEIIDJ1XXX,ASEAM INDONESIA PT,ASEIIDJ1XXX,GEDUNG MULIA TOWER ROOM 1211 9-11 JALAN JENDERAL GATOT SUBROTO KAV.,JAKARTA,12930,base.id
ASITIDJ1XXX,ASIA KAPITALINDO PT,ASITIDJ1XXX,KOMP. PRKANTORAN GROGOL PERMAL BLOCK G-5 JALAN PROF. DR. LATUMENTEN,JAKARTA,11460,base.id
ASIUIDJ1XXX,ASIANA SECURITIES PT,ASIUIDJ1XXX,KOMP. MAJAPAHIT PERMAL BLOCK B24 18-22 JALAN MAJAPAHIT,JAKARTA,10160,base.id
ASNSIDJ1XXX,ASJAYA INDOSURYA SECURITIES PT,ASNSIDJ1XXX,22 JALAN TANAH ABANG III,JAKARTA,10160,base.id
ASPNIDJ1XXX,ASPRINA PRIMA SENTOSA PT,ASPNIDJ1XXX,JALAN JEMBATAN DUA RAYA 16 UTARA FLOOR 6,JAKARTA,,base.id
ASPUIDJ1XXX,ASPAC UPPINDO PT,ASPUIDJ1XXX,UPPINDO BUILDING FLOOR 4 JALAN HR RASUNA SAID KAV C-19,JAKARTA,12940,base.id
ASTSIDJ1XXX,ASTRA SECURITIES PT,ASTSIDJ1XXX,SETLABUDL ATRIUM FLOOR 3 JALAN H.R. RASUNA SAID KAV 62,JAKARTA,12920,base.id
AWANIDJAXXX,BANK KESAWAN PT.,AWANIDJAXXX,,JAKARTA,,base.id
BABSIDJ1XXX,BAPINDO BUMI SEKURITAS PT,BABSIDJ1XXX,"ATD PLAZA, BANKING BLOCK FLOOR 3 3 JALAN M.H. THAMRIN KAV",JAKARTA,10340,base.id
BAEUIDJ1XXX,BAHANA SECURITIES PT,BAEUIDJ1XXX,GRAHA NIAGA TOWER FLOOR 18 JENDERAL SUDIRMAN KAV 58,JAKARTA,12190,base.id
BAHGIDJ1XXX,BAHAMINDO GUNA,BAHGIDJ1XXX,GALVA BUILDING FLOOR 4 27 JALAN HAYAM WURUK,JAKARTA,,base.id
BAKSIDJ1XXX,BAKRIE SECURITIES,BAKSIDJ1XXX,LANDMARK CENTRE 702 TOWER B 1 JALAN JENDERAL SUDIRMAN,JAKARTA,12920,base.id
BBAIIDJAXXX,PT BANK BUMI ARTA TBK,BBAIIDJAXXX,234 JALAN WAHID HASYIM,JAKARTA,10250,base.id
BBBAIDJ10J6,PT BANK PERMATA TBK (BANDUNG),BBBAIDJ10J6,REGION III 66 JALAN MERDEKA,BANDUNG,40117,base.id
BBBAIDJ10J8,PT BANK PERMATA TBK (SEMARANG),BBBAIDJ10J8,REG. V/KOMPLEK PERTOKOAN 'JURNATA BLOCK D 15-16 JALAN KH. AGUS SALIM,SEMARANG,50121,base.id
BBBAIDJ10JD,PT BANK PERMATA TBK (SURABAYA),BBBAIDJ10JD,REGION II 52 JALAN TUNJUNGAN,SURABAYA,60275,base.id
BBBAIDJ10SS,PT BANK PERMATA TBK (MEDAN),BBBAIDJ10SS,REGION IV 49-51 JALAN K.H. ZAINUL ARIFIN,MEDAN,20152,base.id
BBBAIDJAXXX,PT BANK PERMATA TBK,BBBAIDJAXXX,"PERMATABANK TOWER III OPS HEAD OFFICE,FLOOR11 JL. M.H. THAMRIN BLOK B1/1 BINTAROSECTOR 7 CDB, TANGERANG 15224",JAKARTA,15224,base.id
BBIJIDJ1024,PT BANK UOB INDONESIA (DENPASAR),BBIJIDJ1024,,DENPASAR,,base.id
BBIJIDJ10BD,PT BANK UOB INDONESIA (DENPASAR BRANCH),BBIJIDJ10BD,JALAN DR. WAHIDIN 39,DENPASAR,,base.id
BBIJIDJA002,PT BANK UOB INDONESIA (MEDAN),BBIJIDJA002,,MEDAN,,base.id
BBIJIDJA003,PT BANK UOB INDONESIA (SURABAYA),BBIJIDJA003,,SURABAYA,,base.id
BBIJIDJA004,PT BANK UOB INDONESIA (BANDUNG),BBIJIDJA004,,BANDUNG,,base.id
BBIJIDJAXXX,PT BANK UOB INDONESIA,BBIJIDJAXXX,UOB PLAZA JL.M.H. THAMRIN NO.10,JAKARTA,10230,base.id
BBUKIDJAXXX,BANK BUKOPIN,BBUKIDJAXXX,,JAKARTA,,base.id
BCIAIDJAXXX,PT BANK CAPITAL INDONESIA TBK,BCIAIDJAXXX,SONA TOPAS TOWER FLOOR 12 JL JEND. SUDIRMAN KAV. 26,JAKARTA,12920,base.id
BDINIDJ10J3,PT. BANK DANAMON INDONESIA TBK (P. JAYAKARTA BRANCH),BDINIDJ10J3,,JAKARTA,,base.id
BDINIDJABPN,PT. BANK DANAMON INDONESIA TBK (L/C DEPARTMENT),BDINIDJABPN,BANK DANAMON INDONESIA 54 JL. JENDERAL SUDIRMAN,BALIKPAPAN,,base.id
BDINIDJACLC,PT. BANK DANAMON INDONESIA TBK (CORPORATE LC PROCESSING CENTRE),BDINIDJACLC,WISMAK BANK PANAMON FLOOR 6 JALAN JEND. SUDIRMAN 45,JAKARTA,12930,base.id
BDINIDJACUS,PT. BANK DANAMON INDONESIA TBK (CUSTODIAL SERVICES),BDINIDJACUS,JL. PROF DE SATRIO KAV. E4/6 MEGA KUNINGAN,JAKARTA,12950,base.id
BDINIDJAIFI,PT. BANK DANAMON INDONESIA TBK (FINANCIAL INSTITUTIONS CORRESPONDENT BANKING),BDINIDJAIFI,JALAN KEBON SIRIH 15 FLOOR 8,JAKARTA,10110,base.id
BDINIDJALCC,PT. BANK DANAMON INDONESIA TBK (LC CENTRE),BDINIDJALCC,BANK DANAMON-PRAPATAN FLOOR 7 JL. M.I. RIDWAN RAIS 50,JAKARTA,10110,base.id
BDINIDJAMIM,PT. BANK DANAMON INDONESIA TBK (MEDAN-ISKANDARMUDA BRANCH),BDINIDJAMIM,JALAN ISKANDERMUDA 226-230,MEDAN,20151,base.id
BDINIDJAMKS,PT. BANK DANAMON INDONESIA TBK (L/C PROCESSING CENTER - MAKASSAR),BDINIDJAMKS,JL. ABDUL MUIS 60,JAKARTA,10160,base.id
BDINIDJAMRK,PT. BANK DANAMON INDONESIA TBK (L/C DEPARTMENT-MEARUKE),BDINIDJAMRK,BANK DANAMON JL.RAYA MANDALA 129,MERAUKE,99616,base.id
BDINIDJAOTI,PT. BANK DANAMON INDONESIA TBK (BANDUNG OTISTA BRANCH),BDINIDJAOTI,JALAN OTTO ISKANDARDINATA 22,BANDUNG,40171,base.id
BDINIDJARMT,PT. BANK DANAMON INDONESIA TBK (INTERNATIONAL REMITTANCE),BDINIDJARMT,WISMA BANK DANAMON FLOOR 6 JALAN JENDRAL SUDIRMAN KAV. 45,JAKARTA,12930,base.id
BDINIDJASBY,PT. BANK DANAMON INDONESIA TBK (L/C PROCESSING CENTRE SURABAYA),BDINIDJASBY,BANK DANAMON BLDG JALAN GUBERNUR SURYO 12,SURABAYA,60271,base.id
BDINIDJASPM,PT. BANK DANAMON INDONESIA TBK (SEMARANG PEMUDA BRANCH),BDINIDJASPM,JALAN PEMUDA 175,SEMARANG,50132,base.id
BDINIDJASSR,PT. BANK DANAMON INDONESIA TBK (SOLO SRATEN BRANCH),BDINIDJASSR,JALAN GATOT SUBROTO 91F,SOLO,57152,base.id
BDINIDJATJP,PT. BANK DANAMON INDONESIA TBK (LC DEPARTMENT),BDINIDJATJP,,TANJUNG PINANG,,base.id
BDINIDJATPC,PT. BANK DANAMON INDONESIA TBK (TRANSACTIONS PROCESSING CENTRE),BDINIDJATPC,JL. M.I. RIDNAN RAIS 50 FLOOR 3,JAKARTA,10110,base.id
BDINIDJATRS,PT. BANK DANAMON INDONESIA TBK (TREASURY OPERATIONS),BDINIDJATRS,JL.PROF. DR. SATRIO FLOOR 8 KAV. E4 NO 6 LINGKAR MEGA KUNINGAN,JAKARTA,12950,base.id
BDINIDJAXXX,PT. BANK DANAMON INDONESIA TBK,BDINIDJAXXX,BDI (BANK DANAMON INDONESIA) FLOOR 2/ REMITTANCE JL. ABDUL MUIS NO. 60,JAKARTA,10160,base.id
BDINIDJAYGY,PT. BANK DANAMON INDONESIA TBK (L/C DEPARTMENT-YOGYAKARTA),BDINIDJAYGY,BANK DANAMON JL. PANGERAN DIPONOGORO NO. 97,YOGYAKARTA,55321,base.id
BDKIIDJAXXX,BANK DKI PT.,BDKIIDJAXXX,GEDUNG BANK DKI JL. IR. H. JUANDA III NO. 7-9,JAKARTA,10120,base.id
BDNSIDJ1XXX,BDNI SEKURITAS,BDNSIDJ1XXX,,JAKARTA,,base.id
BEXIIDJAXXX,INDONESIA EXIMBANK,BEXIIDJAXXX,,JAKARTA,,base.id
BHAGIDS1XXX,PT. BANK HAGAKITA,BHAGIDS1XXX,,JAKARTA,,base.id
BICNIDJAXXX,BANK COMMONWEALTH,BICNIDJAXXX,,JAKARTA,,base.id
BIDXIDJAXXX,PT BANK INDEX SELINDO,BIDXIDJAXXX,PERMATA PLAZA FLOOR 8 JL. MH THAMRIN 57,JAKARTA,10350,base.id
BINRIDJ10JD,BINAARTHA PARAMA PT (SURABAYA),BINRIDJ10JD,,SURABAYA,,base.id
BINRIDJ1XXX,BINAARTHA PARAMA PT,BINRIDJ1XXX,,JAKARTA,,base.id
BINSIDJ1XXX,BINTANGMAKMUR SECURINDO PT,BINSIDJ1XXX,,JAKARTA,,base.id
BITPIDJ1XXX,BINA TATALAKSANA PASIFIK PT,BITPIDJ1XXX,,JAKARTA,,base.id
BJTMIDJAXXX,PT. BANK JATIM,BJTMIDJAXXX,,SURABAYA,,base.id
BKCHIDJAXXX,BANK OF CHINA JAKARTA BRANCH,BKCHIDJAXXX,,JAKARTA,,base.id
BKKBIDJAXXX,BANGKOK BANK PUBLIC COMPANY LIMITED,BKKBIDJAXXX,,JAKARTA,,base.id
BMDMIDJAXXX,BANK MESTIKA DHARMA,BMDMIDJAXXX,,MEDAN,,base.id
BMRIIDJA107,BANK MANDIRI (PERSERO) PT (BILLS PROCESSING CENTER JAKARTA),BMRIIDJA107,SENTRA MANDIRI FLOOR 3A JL. R.P. SOEROSO NO.2-4,JAKARTA,10330,base.id
BMRIIDJA851,BANK MANDIRI (PERSERO) PT (BILLS PROCESSING CENTER SURABAYA),BMRIIDJA851,JL. PAHLAWAN N. 120,SURABAYA,60174,base.id
BMRIIDJA852,BANK MANDIRI (PERSERO) PT (BILLS PROCESSING CENTER BANDUNG),BMRIIDJA852,BANK MANDIRI ASIA AFRIKA UTARA FLOOR 3 JL. ASIA AFRIKA NO. 107,BANDUNG,40112,base.id
BMRIIDJA853,BANK MANDIRI (PERSERO) PT (BILLS PROCESSING CENTER MEDAN),BMRIIDJA853,BANK MANDIRI BUILDING FLOOR 3 JL. IMAM BONJOL NO. 7,MEDAN,20112,base.id
BMRIIDJA854,BANK MANDIRI (PERSERO) PT (BILLS PROCESSING CENTER SEMARANG),BMRIIDJA854,BANK MANDIRI BUILDING FLOOR 2 JL. MPU TANTULAR NO. 19,SEMARANG,50137,base.id
BMRIIDJACUS,BANK MANDIRI (PERSERO) PT (HEAD OFFICE-CUSTODIAL SERVICES),BMRIIDJACUS,PLAZA MANDIRI FLOOR 1 JL. JEND. GATOT SUBROTO KAV. 36-38,JAKARTA,12190,base.id
BMRIIDJAEXM,BANK MANDIRI (PERSERO) PT (HEAD OFFICE-EXPORT/IMPORT DEPT),BMRIIDJAEXM,SENTRA MANDIRI FLOOR 3B JL. R.P. SOEROSO NO. 2-4,JAKARTA,12190,base.id
BMRIIDJASTL,BANK MANDIRI (PERSERO) PT (HEAD OFFICE-SETTLEMENT DEPT),BMRIIDJASTL,BANK MANDIRI BUILDING FLOOR 9 JL. JEND. GATOT SUBROTO KAV. 36-38,JAKARTA,12190,base.id
BMRIIDJAXXX,BANK MANDIRI (PERSERO) PT,BMRIIDJAXXX,JL. GATOT SUBROTO KAV 36-38,JAKARTA,12190,base.id
BMSIIDJAXXX,PT. BANK SYARIAH MEGA INDONESIA,BMSIIDJAXXX,,JAKARTA,,base.id
BNIAIDJ10D2,PT. BANK CIMB NIAGA TBK. (UJUNG PANDANG BRANCH),BNIAIDJ10D2,33 JALAN AHMAD YANI,UJUNG PANDANG,,base.id
BNIAIDJ10J6,PT. BANK CIMB NIAGA TBK. (LEMBONG BRANCH),BNIAIDJ10J6,7 JALAN LEMBONG,BANDUNG,,base.id
BNIAIDJ10S2,PT. BANK CIMB NIAGA TBK. (LAMPUNG BRANCH),BNIAIDJ10S2,34-40 JALAN LAKSAMANA MALAHAYATI,LAMPUNG,,base.id
BNIAIDJ10SS,PT. BANK CIMB NIAGA TBK. (MEDAN BRANCH),BNIAIDJ10SS,5 JALAN BUKIT BARISAN,MEDAN,,base.id
BNIAIDJAGMA,PT. BANK CIMB NIAGA TBK. (GAJAH MADA REGIONAL OFFICE),BNIAIDJAGMA,,JAKARTA,,base.id
BNIAIDJASMG,PT. BANK CIMB NIAGA TBK. (SEMARANG BRANCH),BNIAIDJASMG,,SEMARANG,,base.id
BNIAIDJATHM,PT. BANK CIMB NIAGA TBK. (THAMRIN BRANCH),BNIAIDJATHM,,JAKARTA,,base.id
BNIAIDJATUN,PT. BANK CIMB NIAGA TBK. (TUNUNGAN BRANCH),BNIAIDJATUN,,SURABAYA,,base.id
BNIAIDJAXXX,PT. BANK CIMB NIAGA TBK. (HEAD OFFICE OPERATION),BNIAIDJAXXX,NIAGA TOWER FLOOR 10 58 JALAN JENDL. SUDIRMAN KAV.,JAKARTA,12190,base.id
BNINIDJAABN,BANK NEGARA INDONESIA PT (PERSERO) (AMBON BRANCH),BNINIDJAABN,,AMBON,,base.id
BNINIDJAAPK,BANK NEGARA INDONESIA PT (PERSERO) (HEAD OFFICE FINANCIAL ANALYSIS AND CONTROL DIVISION),BNINIDJAAPK,,JAKARTA,,base.id
BNINIDJAAYI,BANK NEGARA INDONESIA PT (PERSERO) (AHMAD YANI BRANCH),BNINIDJAAYI,,BANDUNG,,base.id
BNINIDJAAYP,BANK NEGARA INDONESIA PT (PERSERO) (AHMAD YANI PADANG BRANCH),BNINIDJAAYP,,PADANG,,base.id
BNINIDJABAU,BANK NEGARA INDONESIA PT (PERSERO) (BAU-BAU BRANCH),BNINIDJABAU,,BAU-BAU,,base.id
BNINIDJABBI,BANK NEGARA INDONESIA PT (PERSERO) (BARABAI BRANCH),BNINIDJABBI,,BARABAI,,base.id
BNINIDJABBP,BANK NEGARA INDONESIA PT (PERSERO) (BOOM BARU BRANCH),BNINIDJABBP,,PALEMBANG,,base.id
BNINIDJABBR,BANK NEGARA INDONESIA PT (PERSERO) (BANJARBARU BRANCH),BNINIDJABBR,,BANJARBARU,,base.id
BNINIDJABDA,BANK NEGARA INDONESIA PT (PERSERO) (BANDA ACEH BRANCH),BNINIDJABDA,,BANDA ACEH,,base.id
BNINIDJABDG,BANK NEGARA INDONESIA PT (PERSERO) (BANDUNG BRANCH),BNINIDJABDG,,BANDUNG,,base.id
BNINIDJABDL,BANK NEGARA INDONESIA PT (PERSERO) (BANDAR LAMPUNG BRANCH),BNINIDJABDL,,BANDAR LAMPUNG,,base.id
BNINIDJABDO,BANK NEGARA INDONESIA PT (PERSERO) (BONDOWOSO BRANCH),BNINIDJABDO,,BONDOWOSO,,base.id
BNINIDJABGR,BANK NEGARA INDONESIA PT (PERSERO) (BOGOR BRANCH),BNINIDJABGR,,BOGOR,,base.id
BNINIDJABIK,BANK NEGARA INDONESIA PT (PERSERO) (BIAK BRANCH),BNINIDJABIK,,BIAK,,base.id
BNINIDJABIT,BANK NEGARA INDONESIA PT (PERSERO) (BITUNG BRANCH),BNINIDJABIT,,BITUNG,,base.id
BNINIDJABJR,BANK NEGARA INDONESIA PT (PERSERO) (BANJAR BRANCH),BNINIDJABJR,,BANJAR,,base.id
BNINIDJABKL,BANK NEGARA INDONESIA PT (PERSERO) (BENGKULU BRANCH),BNINIDJABKL,,BENGKULU,,base.id
BNINIDJABKO,BANK NEGARA INDONESIA PT (PERSERO) (BANGKO BRANCH),BNINIDJABKO,,BANGKO,,base.id
BNINIDJABKS,BANK NEGARA INDONESIA PT (PERSERO) (BEKASI BRANCH),BNINIDJABKS,,BEKASI,,base.id
BNINIDJABLG,BANK NEGARA INDONESIA PT (PERSERO) (BALIGE BRANCH),BNINIDJABLG,,BALIGE,,base.id
BNINIDJABLT,BANK NEGARA INDONESIA PT (PERSERO) (BLITAR BRANCH),BNINIDJABLT,,BLITAR,,base.id
BNINIDJABLW,BANK NEGARA INDONESIA PT (PERSERO) (BELAWAN BRANCH),BNINIDJABLW,,BELAWAN,,base.id
BNINIDJABMA,BANK NEGARA INDONESIA PT (PERSERO) (BIMA BRANCH),BNINIDJABMA,,BIMA,,base.id
BNINIDJABMS,BANK NEGARA INDONESIA PT (PERSERO) (BANJARMASIN BRANCH),BNINIDJABMS,,BANJARMASIN,,base.id
BNINIDJABPN,BANK NEGARA INDONESIA PT (PERSERO) (BALIKPAPAN BRANCH),BNINIDJABPN,,BALIKPAPAN,,base.id
BNINIDJABRN,BANK NEGARA INDONESIA PT (PERSERO) (BIREUN BRANCH),BNINIDJABRN,,BIREUN,,base.id
BNINIDJABRO,BANK NEGARA INDONESIA PT (PERSERO) (BOJONEGORO BRANCH),BNINIDJABRO,,BOJONEGORO,,base.id
BNINIDJABSH,BANK NEGARA INDONESIA PT (PERSERO) (BANDARA SUKARNO HATTA BRANCH),BNINIDJABSH,,JAKARTA,,base.id
BNINIDJABTG,BANK NEGARA INDONESIA PT (PERSERO) (BUKITTINGGI BRANCH),BNINIDJABTG,,BUKITTINGGI,,base.id
BNINIDJABTM,BANK NEGARA INDONESIA PT (PERSERO) (BATAM BRANCH),BNINIDJABTM,,BATAM,,base.id
BNINIDJABTR,BANK NEGARA INDONESIA PT (PERSERO) (BATURAJA BRANCH),BNINIDJABTR,,BATURAJA,,base.id
BNINIDJABWI,BANK NEGARA INDONESIA PT (PERSERO) (BANYUWANGI BRANCH),BNINIDJABWI,,BANYUWANGI,,base.id
BNINIDJACAM,BANK NEGARA INDONESIA PT (PERSERO) (CIAMIS BRANCH),BNINIDJACAM,,CIAMIS,,base.id
BNINIDJACJR,BANK NEGARA INDONESIA PT (PERSERO) (CIANJUR BRANCH),BNINIDJACJR,,CIANJUR,,base.id
BNINIDJACKP,BANK NEGARA INDONESIA PT (PERSERO) (CIKAMPEK BRANCH),BNINIDJACKP,,CIKAMPEK,,base.id
BNINIDJACLG,BANK NEGARA INDONESIA PT (PERSERO) (CILEGON BRANCH),BNINIDJACLG,,CILEGON,,base.id
BNINIDJACLP,BANK NEGARA INDONESIA PT (PERSERO) (CILACAP BRANCH),BNINIDJACLP,,CILACAP,,base.id
BNINIDJACMI,BANK NEGARA INDONESIA PT (PERSERO) (CIMAHI BDG. BRANCH),BNINIDJACMI,,CIMAHI,,base.id
BNINIDJACPU,BANK NEGARA INDONESIA PT (PERSERO) (CEPU BRANCH),BNINIDJACPU,,CEPU,,base.id
BNINIDJACRB,BANK NEGARA INDONESIA PT (PERSERO) (CIREBON BRANCH),BNINIDJACRB,,CIREBON,,base.id
BNINIDJADKB,BANK NEGARA INDONESIA PT (PERSERO) (DUKUH BAWAH LANDMARK BRANCH),BNINIDJADKB,,JAKARTA,,base.id
BNINIDJADLI,BANK NEGARA INDONESIA PT (PERSERO) (DILI-EAST TIM),BNINIDJADLI,,DILI,,base.id
BNINIDJADLN,BANK NEGARA INDONESIA PT (PERSERO) (HEAD OFFICE INTERNATIONAL DIVISION),BNINIDJADLN,,JAKARTA,,base.id
BNINIDJADMG,BANK NEGARA INDONESIA PT (PERSERO) (DAAN MOGOT BRANCH),BNINIDJADMG,JL. DAAN MOGOT 234,JAKARTA,,base.id
BNINIDJADMI,BANK NEGARA INDONESIA PT (PERSERO) (DUMAI BRANCH),BNINIDJADMI,,DUMAI,,base.id
BNINIDJADPS,BANK NEGARA INDONESIA PT (PERSERO) (DENPASAR BRANCH),BNINIDJADPS,,DENPASAR,,base.id
BNINIDJAEND,BANK NEGARA INDONESIA PT (PERSERO) (ENDE BR. NTT.),BNINIDJAEND,,ENDE,,base.id
BNINIDJAFMI,BANK NEGARA INDONESIA PT (PERSERO) (FATMAWATI BRANCH),BNINIDJAFMI,,JAKARTA,,base.id
BNINIDJAGBR,BANK NEGARA INDONESIA PT (PERSERO) (GAMBIR BRANCH),BNINIDJAGBR,,JAKARTA,,base.id
BNINIDJAGNS,BANK NEGARA INDONESIA PT (PERSERO) (GUNUNG SAHARI BRANCH),BNINIDJAGNS,,JAKARTA,,base.id
BNINIDJAGRK,BANK NEGARA INDONESIA PT (PERSERO) (GRESIK BRANCH),BNINIDJAGRK,,GRESIK,,base.id
BNINIDJAGRT,BANK NEGARA INDONESIA PT (PERSERO) (GARUT BRANCH),BNINIDJAGRT,,GARUT,,base.id
BNINIDJAGST,BANK NEGARA INDONESIA PT (PERSERO) (GUNUNG SITOLI BRANCH),BNINIDJAGST,,GUNUNG SITOLI,,base.id
BNINIDJAGTL,BANK NEGARA INDONESIA PT (PERSERO) (GORONTALO BRANCH),BNINIDJAGTL,,GORONTALO,,base.id
BNINIDJAHII,BANK NEGARA INDONESIA PT (PERSERO) (JAKARTA),BNINIDJAHII,,JAKARTA,,base.id
BNINIDJAHMN,BANK NEGARA INDONESIA PT (PERSERO) (HARMONI BRANCH),BNINIDJAHMN,,JAKARTA,,base.id
BNINIDJAIBP,BANK NEGARA INDONESIA PT (PERSERO) (IMAM BONJOL BRANCH),BNINIDJAIBP,,PADANG,,base.id
BNINIDJAIDR,BANK NEGARA INDONESIA PT (PERSERO) (INDRAMAYU BRANCH),BNINIDJAIDR,,INDRAMAYU,,base.id
BNINIDJAIKB,BANK NEGARA INDONESIA PT (PERSERO) (IKIP BANDUNG BRANCH),BNINIDJAIKB,,BANDUNG,,base.id
BNINIDJAITB,BANK NEGARA INDONESIA PT (PERSERO) (ITB BRANCH),BNINIDJAITB,,BANDUNG,,base.id
BNINIDJAJAP,BANK NEGARA INDONESIA PT (PERSERO) (JEMBATAN AMPERA PALEMBANG BRANCH),BNINIDJAJAP,,PALEMBANG,,base.id
BNINIDJAJBG,BANK NEGARA INDONESIA PT (PERSERO) (JOMBANG BRANCH),BNINIDJAJBG,,JOMBANG,,base.id
BNINIDJAJBI,BANK NEGARA INDONESIA PT (PERSERO) (JAMBI BRANCH),BNINIDJAJBI,,JAMBI,,base.id
BNINIDJAJBR,BANK NEGARA INDONESIA PT (PERSERO) (JEMBER BRANCH),BNINIDJAJBR,,JEMBER,,base.id
BNINIDJAJJS,BANK NEGARA INDONESIA PT (PERSERO) (JALAN JENDRAL SUDIRMAN BRANCH),BNINIDJAJJS,,BANDUNG,,base.id
BNINIDJAJKT,BANK NEGARA INDONESIA PT (PERSERO) (JAKARTA KOTA BRANCH),BNINIDJAJKT,,JAKARTA,,base.id
BNINIDJAJNG,BANK NEGARA INDONESIA PT (PERSERO) (JATINEGARA BRANCH),BNINIDJAJNG,,JAKARTA,,base.id
BNINIDJAJPA,BANK NEGARA INDONESIA PT (PERSERO) (JAYAPURA BRANCH),BNINIDJAJPA,,JAYAPURA,,base.id
BNINIDJAJPK,BANK NEGARA INDONESIA PT (PERSERO) (JALAN PERINTIS KEMERDEKAAN BANDUNG BRANCH),BNINIDJAJPK,,BANDUNG,,base.id
BNINIDJAJPR,BANK NEGARA INDONESIA PT (PERSERO) (JEPARA BRANCH),BNINIDJAJPR,,JEPARA,,base.id
BNINIDJAJPU,BANK NEGARA INDONESIA PT (PERSERO) (JAKARTA PUSAT BRANCH),BNINIDJAJPU,,JAKARTA,,base.id
BNINIDJAJRS,BANK NEGARA INDONESIA PT (PERSERO) (JALAN RASUNA SAID BRANCH),BNINIDJAJRS,,JAKARTA,,base.id
BNINIDJAJSM,BANK NEGARA INDONESIA PT (PERSERO) (JL. SUTOMO MEDAN BRANCH),BNINIDJAJSM,,MEDAN,,base.id
BNINIDJAJTM,BANK NEGARA INDONESIA PT (PERSERO) (JEMBATAN MERAH BRANCH),BNINIDJAJTM,,SURABAYA,,base.id
BNINIDJAKBM,BANK NEGARA INDONESIA PT (PERSERO) (KEBUMEN BRANCH),BNINIDJAKBM,,KEBUMEN,,base.id
BNINIDJAKBS,BANK NEGARA INDONESIA PT (PERSERO) (KUSUMA BANGSA BRANCH),BNINIDJAKBS,,SURABAYA,,base.id
BNINIDJAKBY,BANK NEGARA INDONESIA PT (PERSERO) (KEBAYORAN BARU BRANCH),BNINIDJAKBY,,JAKARTA,,base.id
BNINIDJAKDI,BANK NEGARA INDONESIA PT (PERSERO) (KEDIRI BRANCH),BNINIDJAKDI,,KEDIRI,,base.id
BNINIDJAKDR,BANK NEGARA INDONESIA PT (PERSERO) (KENDARI BRANCH),BNINIDJAKDR,,KENDARI,,base.id
BNINIDJAKDS,BANK NEGARA INDONESIA PT (PERSERO) (KUDUS BRANCH),BNINIDJAKDS,,KUDUS,,base.id
BNINIDJAKJH,BANK NEGARA INDONESIA PT (PERSERO) (KABANJAHE BRANCH),BNINIDJAKJH,,KABANJAHE,,base.id
BNINIDJAKKP,BANK NEGARA INDONESIA PT (PERSERO) (KUALAKAPUAS BRANCH),BNINIDJAKKP,,KUALAKAPUAS,,base.id
BNINIDJAKLA,BANK NEGARA INDONESIA PT (PERSERO) (KLATEN BRANCH),BNINIDJAKLA,,KLATEN,,base.id
BNINIDJAKLT,BANK NEGARA INDONESIA PT (PERSERO) (KUALATUNGKAL BRANCH),BNINIDJAKLT,,KUALATUNGKAL,,base.id
BNINIDJAKNG,BANK NEGARA INDONESIA PT (PERSERO) (KUNINGAN BRANCH),BNINIDJAKNG,,KUNINGAN,,base.id
BNINIDJAKNK,BANK NEGARA INDONESIA PT (PERSERO) (PS. KANAKA BRANCH),BNINIDJAKNK,,MANADO,,base.id
BNINIDJAKPA,BANK NEGARA INDONESIA PT (PERSERO) (KUPANG BRANCH - EAST NUSATENGGARA),BNINIDJAKPA,,KUPANG,,base.id
BNINIDJAKPG,BANK NEGARA INDONESIA PT (PERSERO) (KETAPANG BRANCH),BNINIDJAKPG,,KETAPANG,,base.id
BNINIDJAKRK,BANK NEGARA INDONESIA PT (PERSERO) (KREKOT BRANCH),BNINIDJAKRK,,JAKARTA,,base.id
BNINIDJAKRM,BANK NEGARA INDONESIA PT (PERSERO) (KRAMAT BRANCH),BNINIDJAKRM,,JAKARTA,,base.id
BNINIDJAKRU,BANK NEGARA INDONESIA PT (PERSERO) (KARANGAYU BRANCH),BNINIDJAKRU,,SEMARANG,,base.id
BNINIDJAKTI,BANK NEGARA INDONESIA PT (PERSERO) (KOTA BUMI BANCH),BNINIDJAKTI,,KOTABUMI,,base.id
BNINIDJAKTJ,BANK NEGARA INDONESIA PT (PERSERO) (KUALA TANJUNG BRANCH),BNINIDJAKTJ,,KUALA TANJUNG,,base.id
BNINIDJAKTM,BANK NEGARA INDONESIA PT (PERSERO) (KOTAMOBAGU BRANCH),BNINIDJAKTM,,KOTAMOBAGU,,base.id
BNINIDJAKTU,BANK NEGARA INDONESIA PT (PERSERO) (KOTABARU P. LAUT BRANCH),BNINIDJAKTU,,KOTABARU PULAU LAUT,,base.id
BNINIDJAKWG,BANK NEGARA INDONESIA PT (PERSERO) (KARAWANG BRANCH),BNINIDJAKWG,,KARAWANG,,base.id
BNINIDJAKYA,BANK NEGARA INDONESIA PT (PERSERO) (KAYU AGUNG BRANCH),BNINIDJAKYA,,KAYU AGUNG,,base.id
BNINIDJALGA,BANK NEGARA INDONESIA PT (PERSERO) (LEGIAN BRANCH),BNINIDJALGA,,LEGIAN,,base.id
BNINIDJALGS,BANK NEGARA INDONESIA PT (PERSERO) (LANGSA BRANCH),BNINIDJALGS,,LANGSA,,base.id
BNINIDJALLG,BANK NEGARA INDONESIA PT (PERSERO) (LUBUKLINGGAU BRANCH),BNINIDJALLG,,LUBUKLINGGAU,,base.id
BNINIDJALMJ,BANK NEGARA INDONESIA PT (PERSERO) (LUMAJANG BRANCH),BNINIDJALMJ,,LUMAJANG,,base.id
BNINIDJALSW,BANK NEGARA INDONESIA PT (PERSERO) (LHOKSEUMAWE BRANCH),BNINIDJALSW,,LHOKSEUMAWE,,base.id
BNINIDJALWK,BANK NEGARA INDONESIA PT (PERSERO) (LUWUK BRANCH),BNINIDJALWK,,LUWUK,,base.id
BNINIDJAMAD,BANK NEGARA INDONESIA PT (PERSERO) (MADIUN BRANCH),BNINIDJAMAD,,MADIUN,,base.id
BNINIDJAMAT,BANK NEGARA INDONESIA PT (PERSERO) (MATTOANGIN BRANCH),BNINIDJAMAT,,UJUNG PANDANG,,base.id
BNINIDJAMBO,BANK NEGARA INDONESIA PT (PERSERO) (MEULABOH BRANCH),BNINIDJAMBO,,MEULABOH,,base.id
BNINIDJAMDA,BANK NEGARA INDONESIA PT (PERSERO) (MANGGA DUA BRANCH),BNINIDJAMDA,,JAKARTA,,base.id
BNINIDJAMDN,BANK NEGARA INDONESIA PT (PERSERO) (MEDAN BRANCH),BNINIDJAMDN,,MEDAN,,base.id
BNINIDJAMDO,BANK NEGARA INDONESIA PT (PERSERO) (MANADO BRANCH),BNINIDJAMDO,,MANADO,,base.id
BNINIDJAMDS,BANK NEGARA INDONESIA PT (PERSERO) (MERDEKA SELATAN BRANCH),BNINIDJAMDS,,JAKARTA,,base.id
BNINIDJAMDT,BANK NEGARA INDONESIA PT (PERSERO) (MEDAN MERDEKA TIMUR BRANCH),BNINIDJAMDT,,JAKARTA,,base.id
BNINIDJAMET,BANK NEGARA INDONESIA PT (PERSERO) (METRO BRANCH),BNINIDJAMET,,METRO,,base.id
BNINIDJAMGD,BANK NEGARA INDONESIA PT (PERSERO) (MARGONDA BRANCH),BNINIDJAMGD,JL. MARGONDA RAYA 280,DEPOK,16242,base.id
BNINIDJAMGL,BANK NEGARA INDONESIA PT (PERSERO) (MAGELANG BRANCH),BNINIDJAMGL,,MAGELANG,,base.id
BNINIDJAMHT,BANK NEGARA INDONESIA PT (PERSERO) (MH THAMRIN BRANCH),BNINIDJAMHT,,JAKARTA,,base.id
BNINIDJAMJL,BANK NEGARA INDONESIA PT (PERSERO) (MAJALAYA BRANCH),BNINIDJAMJL,,MAJALAYA,,base.id
BNINIDJAMLG,BANK NEGARA INDONESIA PT (PERSERO) (MALANG BRANCH),BNINIDJAMLG,,MALANG,,base.id
BNINIDJAMRE,BANK NEGARA INDONESIA PT (PERSERO) (MAUMERE BRANCH),BNINIDJAMRE,,MAUMERE,,base.id
BNINIDJAMSP,BANK NEGARA INDONESIA PT (PERSERO) (MUSI PALEMBANG BRANCH),BNINIDJAMSP,,PALEMBANG,,base.id
BNINIDJAMTA,BANK NEGARA INDONESIA PT (PERSERO) (MATARAM BRANCH),BNINIDJAMTA,,MATARAM,,base.id
BNINIDJAMTG,BANK NEGARA INDONESIA PT (PERSERO) (MENTENG BRANCH),BNINIDJAMTG,,JAKARTA,,base.id
BNINIDJAMTR,BANK NEGARA INDONESIA PT (PERSERO) (MATRAMAN BRANCH),BNINIDJAMTR,,JAKARTA,,base.id
BNINIDJAMWI,BANK NEGARA INDONESIA PT (PERSERO) (MANOKWARI BRANCH),BNINIDJAMWI,,MANOKWARI,,base.id
BNINIDJANNK,BANK NEGARA INDONESIA PT (PERSERO) (NUNUKAN BRANCH),BNINIDJANNK,,NUNUKAN,,base.id
BNINIDJAPAB,BANK NEGARA INDONESIA PT (PERSERO) (PANGERAN ANTASARI BRANCH),BNINIDJAPAB,,BANJARMASIN,,base.id
BNINIDJAPBG,BANK NEGARA INDONESIA PT (PERSERO) (PALEMBANG BRANCH),BNINIDJAPBG,,PALEMBANG,,base.id
BNINIDJAPBL,BANK NEGARA INDONESIA PT (PERSERO) (PURBALINGGA BRANCH),BNINIDJAPBL,,PURBALINGGA,,base.id
BNINIDJAPBM,BANK NEGARA INDONESIA PT (PERSERO) (PRABUMULIH BRANCH),BNINIDJAPBM,,PRABUMULIH,,base.id
BNINIDJAPBR,BANK NEGARA INDONESIA PT (PERSERO) (PEKANBARU BRANCH),BNINIDJAPBR,,PEKANBARU,,base.id
BNINIDJAPBU,BANK NEGARA INDONESIA PT (PERSERO) (PASAR BARU BRANCH),BNINIDJAPBU,,JAKARTA,,base.id
BNINIDJAPCG,BANK NEGARA INDONESIA PT (PERSERO) (PECENONGAN BRANCH),BNINIDJAPCG,,JAKARTA,,base.id
BNINIDJAPDG,BANK NEGARA INDONESIA PT (PERSERO) (PADANG BRANCH),BNINIDJAPDG,,PADANG,,base.id
BNINIDJAPDS,BANK NEGARA INDONESIA PT (PERSERO) (PADANG SIDEMPUAN BRANCH),BNINIDJAPDS,,PADANG SIDEMPUAN,,base.id
BNINIDJAPIM,BANK NEGARA INDONESIA PT (PERSERO) (PONDOK INDAH MALL BRANCH),BNINIDJAPIM,,JAKARTA,,base.id
BNINIDJAPJG,BANK NEGARA INDONESIA PT (PERSERO) (PANJANG BRANCH),BNINIDJAPJG,,PANJANG,,base.id
BNINIDJAPKB,BANK NEGARA INDONESIA PT (PERSERO) (PANGKALAN BUN BRANCH),BNINIDJAPKB,,PANGKALAN BUN,,base.id
BNINIDJAPKJ,BANK NEGARA INDONESIA PT (PERSERO) (PASAR KOJA BRANCH),BNINIDJAPKJ,,JAKARTA,,base.id
BNINIDJAPKL,BANK NEGARA INDONESIA PT (PERSERO) (PEKALONGAN BRANCH),BNINIDJAPKL,,PEKALONGAN,,base.id
BNINIDJAPKN,BANK NEGARA INDONESIA PT (PERSERO) (PAMEKASAN BRANCH),BNINIDJAPKN,,PAMEKASAN,,base.id
BNINIDJAPKP,BANK NEGARA INDONESIA PT (PERSERO) (PANGKAL PINANG BRANCH),BNINIDJAPKP,,PANGKAL PINANG,,base.id
BNINIDJAPKS,BANK NEGARA INDONESIA PT (PERSERO) (PASAR KLEWER SURAKARTA BRANCH),BNINIDJAPKS,,SURAKARTA,,base.id
BNINIDJAPLP,BANK NEGARA INDONESIA PT (PERSERO) (PALOPO BRANCH),BNINIDJAPLP,,PALOPO,,base.id
BNINIDJAPLU,BANK NEGARA INDONESIA PT (PERSERO) (PALU BRANCH),BNINIDJAPLU,,PALU,,base.id
BNINIDJAPLW,BANK NEGARA INDONESIA PT (PERSERO) (POLEWALI BRANCH),BNINIDJAPLW,,POLEWALI,,base.id
BNINIDJAPMK,BANK NEGARA INDONESIA PT (PERSERO) (PASAR MAYESTIK BRANCH),BNINIDJAPMK,,JAKARTA,,base.id
BNINIDJAPMS,BANK NEGARA INDONESIA PT (PERSERO) (PEMATANG SIANTAR BRANCH),BNINIDJAPMS,,PEMATANG SIANTAR,,base.id
BNINIDJAPMT,BANK NEGARA INDONESIA PT (PERSERO) (PEMANGKAT BRANCH),BNINIDJAPMT,,PEMANGKAT,,base.id
BNINIDJAPNK,BANK NEGARA INDONESIA PT (PERSERO) (PONTIANAK BRANCH),BNINIDJAPNK,,PONTIANAK,,base.id
BNINIDJAPON,BANK NEGARA INDONESIA PT (PERSERO) (PONOROGO BRANCH),BNINIDJAPON,,PONOROGO,,base.id
BNINIDJAPPP,BANK NEGARA INDONESIA PT (PERSERO) (PASAR PUSAT PEKANBARU BRANCH),BNINIDJAPPP,,PEKANBARU,,base.id
BNINIDJAPRB,BANK NEGARA INDONESIA PT (PERSERO) (PROBOLINGGO BRANCH),BNINIDJAPRB,,PROBOLINGGO,,base.id
BNINIDJAPRE,BANK NEGARA INDONESIA PT (PERSERO) (PARE-PARE BRANCH),BNINIDJAPRE,,PARE-PARE,,base.id
BNINIDJAPRY,BANK NEGARA INDONESIA PT (PERSERO) (PALANGKARAYA BRANCH),BNINIDJAPRY,,PALANGKARAYA,,base.id
BNINIDJAPSB,BANK NEGARA INDONESIA PT (PERSERO) (PANDANSARI BRANCH),BNINIDJAPSB,,BALIKPAPAN,,base.id
BNINIDJAPSM,BANK NEGARA INDONESIA PT (PERSERO) (PASAR MINGGU BRANCH),BNINIDJAPSM,,JAKARTA,,base.id
BNINIDJAPSN,BANK NEGARA INDONESIA PT (PERSERO) (PASURUAN BRANCH),BNINIDJAPSN,,PASURUAN,,base.id
BNINIDJAPSO,BANK NEGARA INDONESIA PT (PERSERO) (POSO BRANCH),BNINIDJAPSO,,POSO,,base.id
BNINIDJAPTI,BANK NEGARA INDONESIA PT (PERSERO) (PATI BRANCH),BNINIDJAPTI,,PATI,,base.id
BNINIDJAPTJ,BANK NEGARA INDONESIA PT (PERSERO) (PETOJO BRANCH),BNINIDJAPTJ,,JAKARTA,,base.id
BNINIDJAPWK,BANK NEGARA INDONESIA PT (PERSERO) (PURWAKARTA BRANCH),BNINIDJAPWK,,PURWAKARTA,,base.id
BNINIDJAPWO,BANK NEGARA INDONESIA PT (PERSERO) (PURWOKERTO BRANCH),BNINIDJAPWO,,PURWOKERTO,,base.id
BNINIDJAPWR,BANK NEGARA INDONESIA PT (PERSERO) (PURWOREJO BRANCH),BNINIDJAPWR,,PURWOREJO,,base.id
BNINIDJAPYK,BANK NEGARA INDONESIA PT (PERSERO) (PAYAKUMBUH BRANCH),BNINIDJAPYK,,PAYAKUMBUH,,base.id
BNINIDJARGT,BANK NEGARA INDONESIA PT (PERSERO) (RENGAT BRANCH),BNINIDJARGT,,RENGAT,,base.id
BNINIDJARKB,BANK NEGARA INDONESIA PT (PERSERO) (RANGKASBITUNG BRANCH),BNINIDJARKB,,RANGKAS BIBITUNG,,base.id
BNINIDJARMA,BANK NEGARA INDONESIA PT (PERSERO) (ROA MALAKA BRANCH),BNINIDJARMA,,JAKARTA,,base.id
BNINIDJARNN,BANK NEGARA INDONESIA PT (PERSERO) (RENON BRANCH),BNINIDJARNN,,DENPASAR,,base.id
BNINIDJARPZ,BANK NEGARA INDONESIA PT (PERSERO) (RATU PLAZA),BNINIDJARPZ,,JAKARTA,,base.id
BNINIDJARWM,BANK NEGARA INDONESIA PT (PERSERO) (RAWAMANGUN BRANCH),BNINIDJARWM,,JAKARTA,,base.id
BNINIDJASBG,BANK NEGARA INDONESIA PT (PERSERO) (SIBOLGA BRANCH),BNINIDJASBG,,SIBOLGA,,base.id
BNINIDJASBW,BANK NEGARA INDONESIA PT (PERSERO) (SUMBAWA BESAR BRANCH),BNINIDJASBW,,SUMBAWA BESAR,,base.id
BNINIDJASBY,BANK NEGARA INDONESIA PT (PERSERO) (SURABAYA BRANCH),BNINIDJASBY,,SURABAYA,,base.id
BNINIDJASDA,BANK NEGARA INDONESIA PT (PERSERO) (SIDOARJO BRANCH),BNINIDJASDA,,SIDOARJO,,base.id
BNINIDJASDG,BANK NEGARA INDONESIA PT (PERSERO) (SUMEDANG BRANCH),BNINIDJASDG,,SUMEDANG,,base.id
BNINIDJASGI,BANK NEGARA INDONESIA PT (PERSERO) (SEMANGGI BRANCH),BNINIDJASGI,,JAKARTA,,base.id
BNINIDJASGL,BANK NEGARA INDONESIA PT (PERSERO) (SIGLI BRANCH),BNINIDJASGL,,SIGLI,,base.id
BNINIDJASGR,BANK NEGARA INDONESIA PT (PERSERO) (SINGARAJA BRANCH),BNINIDJASGR,,SINGARAJA,,base.id
BNINIDJASJK,BANK NEGARA INDONESIA PT (PERSERO) (SYNDICATION DIVISION),BNINIDJASJK,,JAKARTA,,base.id
BNINIDJASKG,BANK NEGARA INDONESIA PT (PERSERO) (SENGKANG BRANCH),BNINIDJASKG,,SENGKANG,,base.id
BNINIDJASKM,BANK NEGARA INDONESIA PT (PERSERO) (SUKABUMI BRANCH),BNINIDJASKM,,SUKABUMI,,base.id
BNINIDJASKW,BANK NEGARA INDONESIA PT (PERSERO) (SINGKAWANG BRANCH),BNINIDJASKW,,SINGKAWANG,,base.id
BNINIDJASLG,BANK NEGARA INDONESIA PT (PERSERO) (SALATIGA BRANCH),BNINIDJASLG,,SALATIGA,,base.id
BNINIDJASLO,BANK NEGARA INDONESIA PT (PERSERO) (SURAKARTA BRANCH),BNINIDJASLO,,SURAKARTA,,base.id
BNINIDJASLP,BANK NEGARA INDONESIA PT (PERSERO) (SELAT PANJANG BRANCH),BNINIDJASLP,,SELAT PANJANG,,base.id
BNINIDJASMD,BANK NEGARA INDONESIA PT (PERSERO) (SAMARINDA BRANCH),BNINIDJASMD,,SAMARINDA,,base.id
BNINIDJASMG,BANK NEGARA INDONESIA PT (PERSERO) (SEMARANG BRANCH),BNINIDJASMG,,SEMARANG,,base.id
BNINIDJASMP,BANK NEGARA INDONESIA PT (PERSERO) (SUMENEP BRANCH),BNINIDJASMP,,SUMENEP,,base.id
BNINIDJASMR,BANK NEGARA INDONESIA PT (PERSERO) (UNIV.SEBELAS MARET BRANCH),BNINIDJASMR,,SURAKARTA,,base.id
BNINIDJASNN,BANK NEGARA INDONESIA PT (PERSERO) (SENEN BRANCH),BNINIDJASNN,,JAKARTA,,base.id
BNINIDJASNY,BANK NEGARA INDONESIA PT (PERSERO) (SENAYAN BRANCH),BNINIDJASNY,,JAKARTA,,base.id
BNINIDJASOR,BANK NEGARA INDONESIA PT (PERSERO) (SORONG BRANCH),BNINIDJASOR,,SORONG,,base.id
BNINIDJASPN,BANK NEGARA INDONESIA PT (PERSERO) (SUNGAIPENUH BRANCH),BNINIDJASPN,,SUNGAIPENUH,,base.id
BNINIDJASPT,BANK NEGARA INDONESIA PT (PERSERO) (SAMPIT BRANCH),BNINIDJASPT,,SAMPIT,,base.id
BNINIDJASRG,BANK NEGARA INDONESIA PT (PERSERO) (SERANG BRANCH),BNINIDJASRG,,SERANG,,base.id
BNINIDJASTB,BANK NEGARA INDONESIA PT (PERSERO) (SITUBONDO BRANCH),BNINIDJASTB,,SITUBONDO,,base.id
BNINIDJASUB,BANK NEGARA INDONESIA PT (PERSERO) (SUBANG BRANCH),BNINIDJASUB,,SUBANG,,base.id
BNINIDJATAB,BANK NEGARA INDONESIA PT (PERSERO) (TANAH ABANG BRANCH),BNINIDJATAB,,JAKARTA,,base.id
BNINIDJATBA,BANK NEGARA INDONESIA PT (PERSERO) (TG. BALAI ASAHAN),BNINIDJATBA,,TG. BALAI ASAHAN,,base.id
BNINIDJATBH,BANK NEGARA INDONESIA PT (PERSERO) (TEMBILAHAN BRANCH),BNINIDJATBH,,TEMBILAHAN,,base.id
BNINIDJATBK,BANK NEGARA INDONESIA PT (PERSERO) (TANJUNG BALAI KARIMUN BRANCH),BNINIDJATBK,,TG. BALAI,,base.id
BNINIDJATBL,BANK NEGARA INDONESIA PT (PERSERO) (TOBELO BRANCH),BNINIDJATBL,,TOBELO,,base.id
BNINIDJATEB,BANK NEGARA INDONESIA PT (PERSERO) (TEBET BRANCH),BNINIDJATEB,,JAKARTA,,base.id
BNINIDJATGL,BANK NEGARA INDONESIA PT (PERSERO) (TEGAL BRANCH),BNINIDJATGL,,TEGAL,,base.id
BNINIDJATHN,BANK NEGARA INDONESIA PT (PERSERO) (TAHUNA BRANCH),BNINIDJATHN,,TAHUNA,,base.id
BNINIDJATKR,BANK NEGARA INDONESIA PT (PERSERO) (TANJUNG KARANG BRANCH),BNINIDJATKR,,TANJUNG KARANG,,base.id
BNINIDJATLA,BANK NEGARA INDONESIA PT (PERSERO) (TULUNGAGUNG),BNINIDJATLA,,TULUNGAGUNG,,base.id
BNINIDJATLI,BANK NEGARA INDONESIA PT (PERSERO) (TOLI-TOLI BRANCH),BNINIDJATLI,,TOLI-TOLI,,base.id
BNINIDJATMA,BANK NEGARA INDONESIA PT (PERSERO) (TASIKMALAYA BRANCH),BNINIDJATMA,,TASIKMALAYA,,base.id
BNINIDJATMG,BANK NEGARA INDONESIA PT (PERSERO) (TEMANGGUNG BRANCH),BNINIDJATMG,,TEMANGGUNG,,base.id
BNINIDJATNT,BANK NEGARA INDONESIA PT (PERSERO) (TERNATE BRANCH),BNINIDJATNT,,TERNATE,,base.id
BNINIDJATPK,BANK NEGARA INDONESIA PT (PERSERO) (TANJUNG PERAK BRANCH),BNINIDJATPK,,SURABAYA,,base.id
BNINIDJATPN,BANK NEGARA INDONESIA PT (PERSERO) (TANJUNG PINANG BRANCH),BNINIDJATPN,,TANJUNG PINANG,,base.id
BNINIDJATPR,BANK NEGARA INDONESIA PT (PERSERO) (TANJUNG PRIOK BRANCH),BNINIDJATPR,,JAKARTA,,base.id
BNINIDJATRB,BANK NEGARA INDONESIA PT (PERSERO) (TANJUNGREDEB BRANCH),BNINIDJATRB,,TANJUNGREDEB,,base.id
BNINIDJATRG,BANK NEGARA INDONESIA PT (PERSERO) (TANGERANG BRANCH),BNINIDJATRG,,TANGERANG,,base.id
BNINIDJATRN,BANK NEGARA INDONESIA PT (PERSERO) (TARAKAN BRANCH),BNINIDJATRN,,TARAKAN,,base.id
BNINIDJATRS,BANK NEGARA INDONESIA PT (PERSERO) (TREASURY DIVISION),BNINIDJATRS,,JAKARTA,,base.id
BNINIDJATTI,BANK NEGARA INDONESIA PT (PERSERO) (TEBINGTINGGI BRANCH),BNINIDJATTI,,TEBINGTINGGI,,base.id
BNINIDJATUB,BANK NEGARA INDONESIA PT (PERSERO) (TUBAN BRANCH - EAST JAVA),BNINIDJATUB,,TUBAN,,base.id
BNINIDJAUAS,BANK NEGARA INDONESIA PT (PERSERO) (AIRLANGGA UNIVERSITY BRANCH),BNINIDJAUAS,,SURABAYA,,base.id
BNINIDJAUBM,BANK NEGARA INDONESIA PT (PERSERO) (UNIBRAW BR. MLG.),BNINIDJAUBM,,MALANG,,base.id
BNINIDJAUDS,BANK NEGARA INDONESIA PT (PERSERO) (UNDIP BR. SMG.),BNINIDJAUDS,,SEMARANG,,base.id
BNINIDJAUGM,BANK NEGARA INDONESIA PT (PERSERO) (UGM BRANCH),BNINIDJAUGM,,YOGYAKARTA,,base.id
BNINIDJAUID,BANK NEGARA INDONESIA PT (PERSERO) (UI DEPOK BRANCH),BNINIDJAUID,,JAKARTA,,base.id
BNINIDJAUPB,BANK NEGARA INDONESIA PT (PERSERO) (UNPAD BR. BDG.),BNINIDJAUPB,,BANDUNG,,base.id
BNINIDJAUPG,BANK NEGARA INDONESIA PT (PERSERO) (UJUNG PANDANG BRANCH),BNINIDJAUPG,,UJUNG PANDANG,,base.id
BNINIDJAUSM,BANK NEGARA INDONESIA PT (PERSERO) (URIP SUMOHARJO BRANCH),BNINIDJAUSM,,SURABAYA,,base.id
BNINIDJAUSU,BANK NEGARA INDONESIA PT (PERSERO) (UNIV. SUMUT BRANCH),BNINIDJAUSU,,MEDAN,,base.id
BNINIDJAWAM,BANK NEGARA INDONESIA PT (PERSERO) (WISMA ARGO MANUNGGAL BRANCH),BNINIDJAWAM,,JAKARTA,,base.id
BNINIDJAWEN,BANK NEGARA INDONESIA PT (PERSERO) (WISMA EMPAT NAM BRANCH),BNINIDJAWEN,,JAKARTA,,base.id
BNINIDJAWGR,BANK NEGARA INDONESIA PT (PERSERO) (WONOGIRI BRANCH),BNINIDJAWGR,,WONOGIRI,,base.id
BNINIDJAWNK,BANK NEGARA INDONESIA PT (PERSERO) (WONOKROMO BRANCH),BNINIDJAWNK,,WONOKROMO,,base.id
BNINIDJAWSB,BANK NEGARA INDONESIA PT (PERSERO) (WONOSOBO BRANCH),BNINIDJAWSB,,WONOSOBO,,base.id
BNINIDJAWTS,BANK NEGARA INDONESIA PT (PERSERO) (WATANSOPPENG BRANCH),BNINIDJAWTS,,WATANSOPPENG,,base.id
BNINIDJAXXX,BANK NEGARA INDONESIA PT (PERSERO),BNINIDJAXXX,,JAKARTA,,base.id
BNINIDJAYGY,BANK NEGARA INDONESIA PT (PERSERO) (YOGYAKARTA BRANCH),BNINIDJAYGY,,YOGYAKARTA,,base.id
BNPAIDJAXXX,BANK BNP PARIBAS INDONESIA PT,BNPAIDJAXXX,,JAKARTA,,base.id
BOFAID2XGRC,"BANK OF AMERICA, N.A. JAKARTA BRANCH (JAKARTA)",BOFAID2XGRC,,JAKARTA,,base.id
BOFAID2XXXX,"BANK OF AMERICA, N.A. JAKARTA BRANCH",BOFAID2XXXX,INDONESIA STOCK EXCHANGE BUILDING TOWER 2 FLOOR 23 JALAN JEND. SUDIRMAN KAV 52-53,JAKARTA,12190,base.id
BOMSIDJ1XXX,BOMAR SECURITIES PT,BOMSIDJ1XXX,,JAKARTA,,base.id
BOREIDJ1XXX,BORESIA PT,BOREIDJ1XXX,,JAKARTA,,base.id
BOTKIDJXXXX,"BANK OF TOKYO-MITSUBISHI UFJ, LTD., THE (JAKARTA BRANCH)",BOTKIDJXXXX,"MIDPLAZA BUILDING FLOOR 1-3 JL. J. SUDIRMAN, KAV 10-11",JAKARTA,10220,base.id
BPIAIDJAXXX,BANK RESONA PERDANIA PT.,BPIAIDJAXXX,MENARA MULIA 5TH AND 6TH FLOOR JL. JEND GATOT SUBROTO KAV 9-11,JAKARTA,10120,base.id
BRINIDJA001,"PT. BANK RAKYAT INDONESIA (PERSERO), TBK (AMBON BRANCH)",BRINIDJA001,,AMBON,,base.id
BRINIDJA002,"PT. BANK RAKYAT INDONESIA (PERSERO), TBK (BAGAN SIAPI-API BRANCH)",BRINIDJA002,,BAGAN SIAPI-API,,base.id
BRINIDJA003,"PT. BANK RAKYAT INDONESIA (PERSERO), TBK (BANJARMASIN BRANCH)",BRINIDJA003,,BANJARMASIN,,base.id
BRINIDJA005,"PT. BANK RAKYAT INDONESIA (PERSERO), TBK (ASIA AFRIKA BRANCH)",BRINIDJA005,,BANDUNG,,base.id
BRINIDJA018,"PT. BANK RAKYAT INDONESIA (PERSERO), TBK (TANAH ABANG BRANCH)",BRINIDJA018,,JAKARTA,,base.id
BRINIDJA019,"PT. BANK RAKYAT INDONESIA (PERSERO), TBK (JAKARTA KOTA BRANCH)",BRINIDJA019,,JAKARTA,,base.id
BRINIDJA020,"PT. BANK RAKYAT INDONESIA (PERSERO), TBK (JAMBI BRANCH)",BRINIDJA020,,JAMBI,,base.id
BRINIDJA021,"PT. BANK RAKYAT INDONESIA (PERSERO), TBK (JEMBER BRANCH)",BRINIDJA021,,JEMBER,,base.id
BRINIDJA026,"PT. BANK RAKYAT INDONESIA (PERSERO), TBK (GRESIK BRANCH)",BRINIDJA026,,GRESIK,,base.id
BRINIDJA033,"PT. BANK RAKYAT INDONESIA (PERSERO), TBK (KEDIRI BRANCH)",BRINIDJA033,,KEDIRI,,base.id
BRINIDJA037,"PT. BANK RAKYAT INDONESIA (PERSERO), TBK (BANDA ACEH BRANCH)",BRINIDJA037,,BANDA ACEH,,base.id
BRINIDJA038,"PT. BANK RAKYAT INDONESIA (PERSERO), TBK (KUDUS BRANCH)",BRINIDJA038,,KUDUS,,base.id
BRINIDJA039,"PT. BANK RAKYAT INDONESIA (PERSERO), TBK (KUPANG BRANCH)",BRINIDJA039,,KUPANG,,base.id
BRINIDJA042,"PT. BANK RAKYAT INDONESIA (PERSERO), TBK (LANGSA BRANCH)",BRINIDJA042,,LANGSA,,base.id
BRINIDJA043,"PT. BANK RAKYAT INDONESIA (PERSERO), TBK (LHOKSEUMAWE BRANCH)",BRINIDJA043,,LHOKSEUMAWE,,base.id
BRINIDJA050,"PT. BANK RAKYAT INDONESIA (PERSERO), TBK (UJUNG PANDANG BRANCH)",BRINIDJA050,,UJUNG PANDANG,,base.id
BRINIDJA051,"PT. BANK RAKYAT INDONESIA (PERSERO), TBK (MALANG BRANCH)",BRINIDJA051,,MALANG,,base.id
BRINIDJA052,"PT. BANK RAKYAT INDONESIA (PERSERO), TBK (MATARAM BRANCH)",BRINIDJA052,,MATARAM,,base.id
BRINIDJA053,"PT. BANK RAKYAT INDONESIA (PERSERO), TBK (MEDAN PUTRI HIJAU BRANCH)",BRINIDJA053,,MEDAN,,base.id
BRINIDJA054,"PT. BANK RAKYAT INDONESIA (PERSERO), TBK (MANADO BRANCH)",BRINIDJA054,,MANADO,,base.id
BRINIDJA058,"PT. BANK RAKYAT INDONESIA (PERSERO), TBK (PADANG BRANCH)",BRINIDJA058,,PADANG,,base.id
BRINIDJA059,"PT. BANK RAKYAT INDONESIA (PERSERO), TBK (PALEMBANG BRANCH)",BRINIDJA059,,PALEMBANG,,base.id
BRINIDJA063,"PT. BANK RAKYAT INDONESIA (PERSERO), TBK (PANGKAL PINANG BRANCH)",BRINIDJA063,,PANGKAL PINANG,,base.id
BRINIDJA071,"PT. BANK RAKYAT INDONESIA (PERSERO), TBK (PONTIANAK BRANCH)",BRINIDJA071,,PONTIANAK,,base.id
BRINIDJA079,"PT. BANK RAKYAT INDONESIA (PERSERO), TBK (RABA-BIMA BRANCH)",BRINIDJA079,,RABA-BIMA,,base.id
BRINIDJA082,"PT. BANK RAKYAT INDONESIA (PERSERO), TBK (SAMARINDA BRANCH)",BRINIDJA082,,SAMARINDA,,base.id
BRINIDJA083,"PT. BANK RAKYAT INDONESIA (PERSERO), TBK (PATTIMURA BRANCH)",BRINIDJA083,,SEMARANG,,base.id
BRINIDJA086,"PT. BANK RAKYAT INDONESIA (PERSERO), TBK (SIDOARJO BRANCH)",BRINIDJA086,,SIDOARJO,,base.id
BRINIDJA092,"PT. BANK RAKYAT INDONESIA (PERSERO), TBK (SUKABUMI BRANCH)",BRINIDJA092,,SUKABUMI,,base.id
BRINIDJA096,"PT. BANK RAKYAT INDONESIA (PERSERO), TBK (KALIASIN BRANCH)",BRINIDJA096,,SURABAYA,,base.id
BRINIDJA097,"PT. BANK RAKYAT INDONESIA (PERSERO), TBK (SLAMET RIYADI BRANCH)",BRINIDJA097,,SOLO,,base.id
BRINIDJA098,"PT. BANK RAKYAT INDONESIA (PERSERO), TBK (TANJUNG KARANG BRANCH)",BRINIDJA098,,TANJUNG KARANG,,base.id
BRINIDJA101,"PT. BANK RAKYAT INDONESIA (PERSERO), TBK (TEGAL BRANCH)",BRINIDJA101,,TEGAL,,base.id
BRINIDJA103,"PT. BANK RAKYAT INDONESIA (PERSERO), TBK (TERNATE BRANCH)",BRINIDJA103,,TERNATE,,base.id
BRINIDJA107,"PT. BANK RAKYAT INDONESIA (PERSERO), TBK (CIREBON BRANCH)",BRINIDJA107,,CIREBON,,base.id
BRINIDJA113,"PT. BANK RAKYAT INDONESIA (PERSERO), TBK (PEMATANG SIANTAR BRANCH)",BRINIDJA113,,PEMATANG SIANTAR,,base.id
BRINIDJA120,"PT. BANK RAKYAT INDONESIA (PERSERO), TBK (TANGERANG BRANCH)",BRINIDJA120,,TANGERANG,,base.id
BRINIDJA122,"PT. BANK RAKYAT INDONESIA (PERSERO), TBK (JATINEGARA BRANCH)",BRINIDJA122,,JAKARTA,,base.id
BRINIDJA127,"PT. BANK RAKYAT INDONESIA (PERSERO), TBK (KOTABARU BRANCH)",BRINIDJA127,,KOTABARU,,base.id
BRINIDJA130,"PT. BANK RAKYAT INDONESIA (PERSERO), TBK (METRO BRANCH)",BRINIDJA130,,METRO,,base.id
BRINIDJA131,"PT. BANK RAKYAT INDONESIA (PERSERO), TBK (TANJUNG PANDAN BRANCH)",BRINIDJA131,,TANJUNG PANDAN,,base.id
BRINIDJA159,"PT. BANK RAKYAT INDONESIA (PERSERO), TBK (DUMAI BRANCH)",BRINIDJA159,,DUMAI,,base.id
BRINIDJA163,"PT. BANK RAKYAT INDONESIA (PERSERO), TBK (SAMPIT BRANCH)",BRINIDJA163,,SAMPIT,,base.id
BRINIDJA167,"PT. BANK RAKYAT INDONESIA (PERSERO), TBK (LUWUK BRANCH)",BRINIDJA167,,LUWUK,,base.id
BRINIDJA170,"PT. BANK RAKYAT INDONESIA (PERSERO), TBK (PEKANBARU BRANCH)",BRINIDJA170,,PEKANBARU,,base.id
BRINIDJA172,"PT. BANK RAKYAT INDONESIA (PERSERO), TBK (RAJAWALI BRANCH)",BRINIDJA172,,SURABAYA,,base.id
BRINIDJA174,"PT. BANK RAKYAT INDONESIA (PERSERO), TBK (TANJUNG PINANG BRANCH)",BRINIDJA174,,TANJUNG PINANG,,base.id
BRINIDJA175,"PT. BANK RAKYAT INDONESIA (PERSERO), TBK (TEMBILAHAN BRANCH)",BRINIDJA175,,TEMBILAHAN,,base.id
BRINIDJA186,"PT. BANK RAKYAT INDONESIA (PERSERO), TBK (TANJUNG PRIOK BRANCH)",BRINIDJA186,,JAKARTA,,base.id
BRINIDJA189,"PT. BANK RAKYAT INDONESIA (PERSERO), TBK (BENGKALIS BRANCH)",BRINIDJA189,,BENGKALIS,,base.id
BRINIDJA192,"PT. BANK RAKYAT INDONESIA (PERSERO), TBK (KENDARI BRANCH)",BRINIDJA192,,KENDARI,,base.id
BRINIDJA193,"PT. BANK RAKYAT INDONESIA (PERSERO), TBK (KEBAYORAN BARU BRANCH)",BRINIDJA193,,JAKARTA,,base.id
BRINIDJA206,"PT. BANK RAKYAT INDONESIA (PERSERO), TBK (KCK - SPECIAL BRANCH)",BRINIDJA206,,JAKARTA,,base.id
BRINIDJA211,"PT. BANK RAKYAT INDONESIA (PERSERO), TBK (PAHLAWAN BRANCH)",BRINIDJA211,,SURABAYA,,base.id
BRINIDJA230,"PT. BANK RAKYAT INDONESIA (PERSERO), TBK (CUT MUTIAH BRANCH)",BRINIDJA230,,JAKARTA,,base.id
BRINIDJA261,"PT. BANK RAKYAT INDONESIA (PERSERO), TBK (KREKOT BRANCH)",BRINIDJA261,,JAKARTA,,base.id
BRINIDJA282,"PT. BANK RAKYAT INDONESIA (PERSERO), TBK (PANGKALAN BUN BRANCH)",BRINIDJA282,,PANGKALAN BUN,,base.id
BRINIDJA283,"PT. BANK RAKYAT INDONESIA (PERSERO), TBK (TEBINGTINGGI BRANCH)",BRINIDJA283,,TEBINGTINGGI,,base.id
BRINIDJA284,"PT. BANK RAKYAT INDONESIA (PERSERO), TBK (RENGAT BRANCH)",BRINIDJA284,,RENGAT,,base.id
BRINIDJA285,"PT. BANK RAKYAT INDONESIA (PERSERO), TBK (TELUK BETUNG BRANCH)",BRINIDJA285,,TELUK BETUNG,,base.id
BRINIDJA286,"PT. BANK RAKYAT INDONESIA (PERSERO), TBK (DEWI SARTIKA BRANCH)",BRINIDJA286,,BANDUNG,,base.id
BRINIDJA308,"PT. BANK RAKYAT INDONESIA (PERSERO), TBK (BIAK BRANCH)",BRINIDJA308,,BIAK,,base.id
BRINIDJA317,"PT. BANK RAKYAT INDONESIA (PERSERO), TBK (DILI BRANCH)",BRINIDJA317,,DILI,,base.id
BRINIDJA328,"PT. BANK RAKYAT INDONESIA (PERSERO), TBK (TANJUNG PERAK BRANCH)",BRINIDJA328,,SURABAYA,,base.id
BRINIDJA329,"PT. BANK RAKYAT INDONESIA (PERSERO), TBK (VETERAN  BRANCH)",BRINIDJA329,,JAKARTA,,base.id
BRINIDJA330,"PT. BANK RAKYAT INDONESIA (PERSERO), TBK (FATMAWATI BRANCH)",BRINIDJA330,,JAKARTA,,base.id
BRINIDJA331,"PT. BANK RAKYAT INDONESIA (PERSERO), TBK (BATAM BRANCH)",BRINIDJA331,,BATAM,,base.id
BRINIDJA332,"PT. BANK RAKYAT INDONESIA (PERSERO), TBK (HAYAM WURUK BRANCH)",BRINIDJA332,,JAKARTA,,base.id
BRINIDJA333,"PT. BANK RAKYAT INDONESIA (PERSERO), TBK (BONTANG BRANCH)",BRINIDJA333,,BONTANG,,base.id
BRINIDJA335,"PT. BANK RAKYAT INDONESIA (PERSERO), TBK (KRAMAT BRANCH)",BRINIDJA335,,JAKARTA,,base.id
BRINIDJA336,"PT. BANK RAKYAT INDONESIA (PERSERO), TBK (MEDAN PEMUDA BRANCH)",BRINIDJA336,,MEDAN,,base.id
BRINIDJA338,"PT. BANK RAKYAT INDONESIA (PERSERO), TBK (ROXI BRANCH)",BRINIDJA338,,JAKARTA,,base.id
BRINIDJA340,"PT. BANK RAKYAT INDONESIA (PERSERO), TBK (OTISTA BRANCH)",BRINIDJA340,,JAKARTA,,base.id
BRINIDJA343,"PT. BANK RAKYAT INDONESIA (PERSERO), TBK (SOMBA OPU BRANCH)",BRINIDJA343,,UJUNG PANDANG,,base.id
BRINIDJA346,"PT. BANK RAKYAT INDONESIA (PERSERO), TBK (PASAR PAGI BRANCH)",BRINIDJA346,,JAKARTA,,base.id
BRINIDJA359,"PT. BANK RAKYAT INDONESIA (PERSERO), TBK (GATOT SUBROTO BRANCH)",BRINIDJA359,,JAKARTA,,base.id
BRINIDJA370,"PT. BANK RAKYAT INDONESIA (PERSERO), TBK (TRADE FINANCE PROCESSING CENTRE JAKARTA I)",BRINIDJA370,,JAKARTA,,base.id
BRINIDJACUS,"PT. BANK RAKYAT INDONESIA (PERSERO), TBK (CUSTODIAN BRI)",BRINIDJACUS,,JAKARTA,,base.id
BRINIDJATRY,"PT. BANK RAKYAT INDONESIA (PERSERO), TBK (JAKARTA)",BRINIDJATRY,,JAKARTA,,base.id
BRINIDJAXXX,"PT. BANK RAKYAT INDONESIA (PERSERO), TBK",BRINIDJAXXX,BRI I BUILDING FLOOR 18 44-46 JALAN JENDERAL SUDIRMAN,JAKARTA,10010,base.id
BSMDIDJAXXX,PT BANK SYARIAH MANDIRI,BSMDIDJAXXX,GEDUNG BANK SYARIAH MANDIRI JL. MH. THAMRIN 5,JAKARTA,10340,base.id
BSSPIDSPXXX,PT. BANK PEMBANGUNAN DAERAH SUMATERA SELATAN,BSSPIDSPXXX,KANTOR PUSAT BANK SUMSEL BABEL JL.GUB. H.A. BASTARI JAKABARING 7,PALEMBANG,30251,base.id
BTANIDJ10JD,"BANK TABUNGAN NEGARA (PERSERO), PT. (SURABAYA)",BTANIDJ10JD,50 JALAN PEMUDA,SURABAYA,60271,base.id
BTANIDJ10SS,"BANK TABUNGAN NEGARA (PERSERO), PT. (MEDAN)",BTANIDJ10SS,10 A JALAN PEMUDA,MEDAN,20151,base.id
BTANIDJAXXX,"BANK TABUNGAN NEGARA (PERSERO), PT. (HEAD OFFICE)",BTANIDJAXXX,MENARA BTN FLOOR 10 1 JALAN GAJAH MADA,JAKARTA,10130,base.id
BTPNIDJAXXX,"PT BANK TABUNGAN PENSIUNAN NASIONAL TBK",BTPNIDJAXXX,"MENARA BTPN 5.5-5.6 JL. DR. IDE ANAK AGUNG GDE CBD MEGA KUNINGAN",JAKARTA,12950,base.id
BUMIIDJAXXX,PT.BANK MNC INTERNASIONAL TBK.,BUMIIDJAXXX,"MENARA ICB BUMIPUTERA JI. PROBOLINGGO NO. 18, MENTENG",JAKARTA,10350,base.id
CENAIDJAXXX,BANK CENTRAL ASIA,CENAIDJAXXX,MENARA BCA FLOOR 25 JL. MH THAMRIN NO. 1 GRAND INDONESIA,JAKARTA,10310,base.id
CHASIDJXENQ,"JPMORGAN CHASE BANK, N.A., JAKARTA BRANCH (TELEX AND S.W.I.F.T. MESSAGE ENQUIRIES)",CHASIDJXENQ,,JAKARTA,,base.id
CHASIDJXKEY,"JPMORGAN CHASE BANK, N.A., JAKARTA BRANCH (TEST KEY AND BKE ADMINISTRATION)",CHASIDJXKEY,,JAKARTA,,base.id
CHASIDJXXXX,"JPMORGAN CHASE BANK, N.A., JAKARTA BRANCH",CHASIDJXXXX,21 JALAN JENDERAL SUDIRMAN KAV.,JAKARTA,12920,base.id
CICTIDJAXXX,PT. BANK JTRUST INDONESIA TBK (FORMERLY PT. BANK MUTIARA TBK),CICTIDJAXXX,INTERNATIONAL FINANCIAL CENTRE JL. JEND SUDIRMAN KAV 22-23,JAKARTA,12920,base.id
CITIIDJXBDG,"CITIBANK, N.A. (BANDUNG)",CITIIDJXBDG,,BANDUNG,,base.id
CITIIDJXMDN,"CITIBANK, N.A. (MEDAN)",CITIIDJXMDN,,MEDAN,,base.id
CITIIDJXSBY,"CITIBANK, N.A. (SURABAYA)",CITIIDJXSBY,,SURABAYA,,base.id
CITIIDJXXXX,"CITIBANK, N.A.",CITIIDJXXXX,CITIBANK TOWER - LANDMARK TOWER FLOOR 6 1 JALAN JENDERAL SUDIRMAN,JAKARTA,12910,base.id
CTCBIDJAXXX,"BANK CTBC INDONESIA, PT",CTCBIDJAXXX,WISMA TAMARA FLOOR 16 JALAN JENDERAL SUDIRMAN KAV. 24,JAKARTA,12920,base.id
DABEIDJAXXX,P.T. MERCEDES-BENZ INDONESIA,DABEIDJAXXX,DESA WANAHERAN GUNUNG PUTRI BOGOR 16965,JAKARTA,10002,base.id
DADIIDJAXXX,P.T. MERCEDES-BENZ DISTRIBUTION INDONESIA,DADIIDJAXXX,DEUTSCHE BANK BUILDING FLOOR 18 JL. IMAM BONJOL NO 80,JAKARTA,10310,base.id
DBSBIDJAIBD,"BANK DBS INDONESIA, PT (JAKARTA BRANCH)",DBSBIDJAIBD,,JAKARTA,,base.id
DBSBIDJASBY,"BANK DBS INDONESIA, PT (SYRABAYA BRANCH)",DBSBIDJASBY,WISMA TIARA JALAN PANGLIMA SUDIRMAN 66-68,SURABAYA,60271,base.id
DBSBIDJAXXX,"BANK DBS INDONESIA, PT",DBSBIDJAXXX,"CIPUTRA WORLD 1, DBS TOWER FLOOR 37TH 3-5 JL. PROF.DR. SATRIO KAV",JAKARTA,12940,base.id
DEUTIDJA001,DEUTSCHE BANK AG (SURABAYA BRANCH),DEUTIDJA001,JALAN BASUKI RAKHMAT 141,SURABAYA,60271,base.id
DEUTIDJADSI,DEUTSCHE BANK AG (DEUTSCHE SECURITIES INDONESIA),DEUTIDJADSI,,JAKARTA,,base.id
DEUTIDJAIBO,DEUTSCHE BANK AG (DBJK INVESTMENT BANKING OPS),DEUTIDJAIBO,,JAKARTA,,base.id
DEUTIDJAXXX,DEUTSCHE BANK AG,DEUTIDJAXXX,DEUTSCHE BANK BUILDING JL. IMAM BONJOL 80,JAKARTA,10310,base.id
EKONIDJAXXX,BANK EKONOMI RAHARJA PT.,EKONIDJAXXX,GRAHA EKONOMI JALAN SETIABUDI SELATAN KAV.7-8,JAKARTA,12920,base.id
GNESIDJAXXX,PT. BANK GANESHA,GNESIDJAXXX,GRAHA GANESHA JL HAYAM WURUK NO 28,JAKARTA,10120,base.id
HNBNIDJAXXX,PT. BANK KEB HANA INDONESIA,HNBNIDJAXXX,WISMA MULIA JL. JEND. GATOT SUBROTO NO. 42,JAKARTA,12710,base.id
HSBCIDJABAN,"HONGKONG AND SHANGHAI BANKING CORPORATION LIMITED, THE (BANDUNG)",HSBCIDJABAN,,BANDUNG,,base.id
HSBCIDJABAT,"HONGKONG AND SHANGHAI BANKING CORPORATION LIMITED, THE (BATAM)",HSBCIDJABAT,,BATAM,,base.id
HSBCIDJAMDN,"HONGKONG AND SHANGHAI BANKING CORPORATION LIMITED, THE (MEDAN)",HSBCIDJAMDN,,MEDAN,,base.id
HSBCIDJASBA,"HONGKONG AND SHANGHAI BANKING CORPORATION LIMITED, THE (SURABAYA)",HSBCIDJASBA,,SURABAYA,,base.id
HSBCIDJASEM,"HONGKONG AND SHANGHAI BANKING CORPORATION LIMITED, THE (SEMARANG)",HSBCIDJASEM,,SEMARANG,,base.id
HSBCIDJAWBS,"HONGKONG AND SHANGHAI BANKING CORPORATION LIMITED, THE (WEALTH BUSINESS SERVICES)",HSBCIDJAWBS,JALAN JENDERAL GATOT SUBROTO KAVELING 9-11,JAKARTA,12930,base.id
HSBCIDJAXXX,"HONGKONG AND SHANGHAI BANKING CORPORATION LIMITED, THE",HSBCIDJAXXX,WORLD TRADE CENTRE 29-31 JALAN JENDERAL SUDIRMAN KAVELING,JAKARTA,12920,base.id
HVBKIDJAXXX,"WOORI BANK, INDONESIA P.T. JAKARTA",HVBKIDJAXXX,BANK WOORI SAUDARA BUILDING 28 JL. DIPONEGORO,BANDUNG,40115,base.id
IBBKIDJA001,PT BANK MAYBANK INDONESIA TBK (KALIBESAR BRANCH),IBBKIDJA001,JL. KALIBESAR BARAT 18-19,JAKARTA,,base.id
IBBKIDJA003,PT BANK MAYBANK INDONESIA TBK (THAMRIN BRANCH),IBBKIDJA003,,JAKARTA,,base.id
IBBKIDJA008,PT BANK MAYBANK INDONESIA TBK (PANGLIMA POLIM BRANCH),IBBKIDJA008,JL. PANGLIMA POLIM RAYA 79,JAKARTA,,base.id
IBBKIDJA138,PT BANK MAYBANK INDONESIA TBK (JUANDA BRANCH),IBBKIDJA138,JL. IR.H. JUANDA,JAKARTA,,base.id
IBBKIDJADEX,PT BANK MAYBANK INDONESIA TBK (EXPEND CONTROL DEPT.),IBBKIDJADEX,,JAKARTA,,base.id
IBBKIDJATRS,PT BANK MAYBANK INDONESIA TBK (UUS TREASURY),IBBKIDJATRS,,JAKARTA,,base.id
IBBKIDJAXXX,PT BANK MAYBANK INDONESIA TBK,IBBKIDJAXXX,SENTRAL SENAYAN 3 JL. ASIA AFRIKA NO. 8 KOMPLEKS GELORA BUNG KARNO,JAKARTA,10270,base.id
ICBKIDJAXXX,PT BANK ICBC INDONESIA,ICBKIDJAXXX,TCT ICBC TOWER FLOOR 32 JL. M.H. THAMRIN NO. 81,JAKARTA,10310,base.id
INDOIDJAXXX,BANK INDONESIA,INDOIDJAXXX,MENARA SJAFRUDDIN PRAWIRANEGARA FLOOR 7 JL. M.H THAMRIN NO. 2,JAKARTA,10010,base.id
KBNKIDJ1XXX,BANK MEGA PT. TBK.,KBNKIDJ1XXX,MENARA BANK MEGA LT. 10 JL. KAPTEN TENDEAN 12-14A,JAKARTA,,base.id
KSEIIDJAXXX,KUSTODIAN SENTRAL EFEK INDONESIA PT,KSEIIDJAXXX,"INDONESIA STOCK EXCHANGE BUILDING 5TH FLOOR, 1ST TOWER JL. JEND. SUDIRMAN KAV. 52-53",JAKARTA,12190,base.id
MAYAIDJAXXX,PT. BANK MAYAPADA INTERNATIONAL TBK,MAYAIDJAXXX,MAYAPADA TOWER JL. JENDRAL SUDIRMAN KAV 28,JAKARTA,12920,base.id
MBBEIDJAXXX,PT BANK MAYBANK SYARIAH INDONESIA,MBBEIDJAXXX,SONATOPAS TOWER FLOOR 17 JALAN JENDRAL SUDIRMAN KAV. 26,JAKARTA,12920,base.id
MEGAIDJAXXX,BANK MEGA PT,MEGAIDJAXXX,MENARA BANK MEGA LT. 9 JL. KAPTEN TENDEAN 12-14A,JAKARTA,12970,base.id
MHCCIDJAXXX,"BANK MIZUHO INDONESIA, PT.",MHCCIDJAXXX,"PLAZA BII MENARA 2, FLOOR 24 JL MH THAMRIN 51",JAKARTA,10350,base.id
MUABIDJAXXX,"PT. BANK MUAMALAT INDONESIA , TBK",MUABIDJAXXX,ATHALOKA JL. JEND. SUDIRMAN KAV. 2,JAKARTA,10220,base.id
NISPIDJ1BDG,PT BANK OCBC NISP TBK (ASIA AFRIKA BRANCH),NISPIDJ1BDG,100 JALAN ASIA AFRIKA,BANDUNG,40261,base.id
NISPIDJ1BTM,PT BANK OCBC NISP TBK (BATAM),NISPIDJ1BTM,"KOMPLEKS BATAMA, BLOCK B 4-5-6 JALAN IMAM BONJOL NAGOYA",BATAM,29432,base.id
NISPIDJ1SBY,PT BANK OCBC NISP TBK (SURABAYA),NISPIDJ1SBY,104-106 JALAN PEMUDA,SURABAYA,60271,base.id
NISPIDJ1SMG,PT BANK OCBC NISP TBK (SEMARANG),NISPIDJ1SMG,5-5A JALAN BRIG. JENDERAL KATAMSO,SEMARANG,50242,base.id
NISPIDJAXXX,PT BANK OCBC NISP TBK,NISPIDJAXXX,JL PROF DR SATRIO KAV 25,JAKARTA,12940,base.id
OCSSIDJ1XXX,"OCBC SIKAP SECURITIES, PT",OCSSIDJ1XXX,BANK BALI TOWER FLOOR 9 27 JALAN JENDERAL SUDIRMAN KAVELING,JAKARTA,12920,base.id
PINBIDJAXXX,PAN INDONESIA BANK PT.,PINBIDJAXXX,"PANIN BANK CENTRE FLOOR 11 JALAN JENDERAL SUDIRMAN, SENAYAN",JAKARTA,11044,base.id
RABOIDJAXXX,RABOBANK INDONESIA,RABOIDJAXXX,PLAZA 89 FLOOR 9 JL.H.R.RASUNA SAID KAV.X-7 NO.6,JAKARTA,12940,base.id
SBJKIDJAXXX,BANK SINARMAS,SBJKIDJAXXX,PLAZA BII TOWER I FLOOR 2 JL. M.H. THAMRIN NO.51,JAKARTA,10350,base.id
SCBLIDJXBDG,STANDARD CHARTERED BANK (BANDUNG BRANCH),SCBLIDJXBDG,,BANDUNG,,base.id
SCBLIDJXIDX,STANDARD CHARTERED BANK (PT SCSI),SCBLIDJXIDX,,JAKARTA,,base.id
SCBLIDJXMDN,STANDARD CHARTERED BANK (MEDAN BRANCH),SCBLIDJXMDN,,MEDAN,,base.id
SCBLIDJXSBY,STANDARD CHARTERED BANK (SURABAYA BRANCH),SCBLIDJXSBY,,SURABAYA,,base.id
SCBLIDJXSMG,STANDARD CHARTERED BANK (SEMARANG BRANCH),SCBLIDJXSMG,,SEMARANG,,base.id
SCBLIDJXXXX,STANDARD CHARTERED BANK,SCBLIDJXXXX,STANDARD CHARTERED BANK BUILDING ATRIA SQUARE JALAN JENDERAL SUDIRMAN KAV. 33-A,JAKARTA,10220,base.id
SUNIIDJAXXX,"BANK SUMITOMO MITSUI INDONESIA, PT",SUNIIDJAXXX,SUMMITMAS II FLOOR 10 JL. JEND. SUDIRMAN KAV. 61-62,JAKARTA,12190,base.id
